"GUEST_ID";"COUNTRY_GUEST";"GENDER_ID";"AGE_RANGE";"LAST_2_YEARS_STAYS";"CONFIRMED_RESERVATIONS";"NUM_DISTINCT_HOTELS";"CONFIRMED_RESERVATIONS_ADR";"AVG_LENGTH_STAY";"AVG_BOOKING_LEADTIME";"AVG_SCORE";"RESERVATION_ID";"CHECKIN_DATE";"CHECKOUT_DATE";"HOTEL_ID"
"1014907189";PT;Femenino;"36-45";2;2;2;109.24;3.50;6.00;8.0;1;2024-12-01;2024-12-06;"041"
"1018922044";IT;Femenino;"19-25";1;1;1;226.49;4.00;22.00;7.0;2;2026-01-01;2026-01-05;"011"
"1016865415";IT;Masculino;"19-25";1;1;1;310.45;2.00;8.00;8.0;3;2025-05-31;2025-06-02;"026"
"1018327847";IT;Femenino;"36-45";1;1;1;340.20;3.00;11.00;9.0;4;2025-10-24;2025-10-27;"243"
"1013580011";PT;Femenino;"36-45";2;2;2;169.16;1.00;37.50;8.0;5;2024-04-30;2024-05-01;"011"
"1014419889";PT;Femenino;"36-45";1;1;1;184.76;3.00;5.00;7.0;6;2024-08-09;2024-08-12;"243"
"1017584158";IT;Femenino;"26-35";1;1;1;103.87;1.00;8.00;7.0;7;2025-08-11;2025-08-12;"011"
"1008922782";ES;Masculino;"19-25";1;2;2;135.42;1.50;15.00;5.0;8;2025-05-30;2025-05-31;"255"
"1004674619";ES;Femenino;"19-25";3;5;2;273.37;1.00;7.20;7.0;9;2025-12-06;2025-12-07;"281"
"1002066717";ES;Masculino;>65;1;5;1;260.95;1.00;6.80;7.0;10;2023-12-09;2023-12-10;"243"
"1013700087";ES;Masculino;>65;1;1;1;187.30;2.00;12.00;7.0;11;2024-05-26;2024-05-28;"208"
"1016486255";PT;Femenino;"26-35";1;1;1;166.58;10.00;38.00;6.0;12;2025-04-20;2025-04-30;"255"
"1019003850";IT;Masculino;"36-45";1;1;1;123.56;1.00;5.00;1.0;13;2026-01-11;2026-01-12;"011"
"1019380354";ES;Masculino;"36-45";1;1;1;472.33;1.00;2.00;10.0;14;2026-02-28;2026-03-01;"243"
"1010619685";ES;Femenino;"46-65";1;2;2;406.46;3.00;59.00;4.0;15;2025-04-22;2025-04-26;"041"
"1019013464";IT;Femenino;"36-45";1;1;1;292.23;3.00;59.00;8.0;16;2026-03-13;2026-03-16;"247"
"1015873048";PT;Femenino;"26-35";1;1;1;94.17;4.00;65.00;7.0;17;2025-02-03;2025-02-07;"026"
"1015267928";ES;Femenino;"19-25";1;1;1;126.42;1.00;64.00;8.0;18;2025-01-10;2025-01-11;"243"
"1018854169";IT;Femenino;"19-25";1;1;1;225.47;2.00;30.00;8.0;19;2025-12-26;2025-12-28;"026"
"1017897456";PT;Femenino;"36-45";1;1;1;242.68;4.00;70.00;10.0;20;2025-09-10;2025-09-14;"041"
"1019408431";PT;Femenino;"36-45";1;1;1;466.42;1.00;1.00;5.0;21;2026-03-04;2026-03-05;"247"
"1018801904";PT;Masculino;"46-65";1;1;1;119.70;7.00;60.00;4.0;22;2025-12-19;2025-12-26;"315"
"1016315019";PT;Masculino;"36-45";1;1;1;422.88;2.00;57.00;9.0;23;2025-05-30;2025-06-01;"011"
"1004674619";ES;Femenino;"19-25";3;5;2;273.37;1.00;7.20;7.0;24;2025-11-15;2025-11-16;"243"
"1019202900";ES;Masculino;"19-25";1;1;1;240.60;1.00;6.00;8.0;25;2026-02-13;2026-02-14;"243"
"1018449824";PT;Masculino;>65;1;1;1;505.59;4.00;51.00;8.0;26;2025-12-30;2026-01-03;"243"
"1013616575";ES;Femenino;"19-25";1;1;1;309.15;1.00;3.00;5.0;27;2024-05-04;2024-05-05;"243"
"1014534690";ES;Masculino;>65;1;1;1;315.13;2.00;10.00;9.0;28;2024-08-15;2024-08-17;"208"
"1017486911";IT;Masculino;"36-45";1;1;1;88.00;2.00;85.00;9.0;29;2025-08-03;2025-08-05;"011"
"1018436365";PT;Masculino;>65;1;1;1;228.04;2.00;93.00;9.5;30;2025-11-05;2025-11-07;"315"
"1015587355";ES;Masculino;"46-65";1;1;1;153.90;2.00;2.00;8.0;31;2024-12-26;2024-12-28;"255"
"1015647249";PT;Femenino;"46-65";1;1;1;344.61;2.00;3.00;7.0;32;2024-12-31;2025-01-02;"315"
"1018770623";PT;Femenino;"36-45";1;1;1;122.30;3.00;30.00;10.0;33;2025-12-15;2025-12-18;"315"
"1015853478";ES;Femenino;"19-25";1;1;1;242.00;2.00;20.00;8.0;34;2025-01-31;2025-02-02;"011"
"1017352380";PT;Femenino;"26-35";1;1;1;134.10;3.00;28.00;8.0;35;2025-08-18;2025-08-21;"255"
"1007094314";PT;Femenino;"19-25";1;2;1;151.37;1.50;5.50;6.0;36;2024-04-28;2024-04-29;"243"
"1015940055";ES;Masculino;"46-65";1;1;1;167.84;4.00;38.00;9.5;37;2025-02-13;2025-02-17;"281"
"1015702788";IT;Femenino;"46-65";1;1;1;154.53;3.00;44.00;9.0;38;2025-01-08;2025-01-11;"231"
"1016075127";PT;Femenino;>65;2;2;1;136.50;2.00;63.00;6.0;39;2025-03-02;2025-03-05;"041"
"1017382324";PT;Femenino;"19-25";1;1;1;130.50;2.00;49.00;7.0;40;2025-07-24;2025-07-26;"011"
"1018982655";ES;Masculino;"46-65";1;1;1;185.00;1.00;1.00;10.0;41;2026-01-08;2026-01-09;"243"
"1010221099";ES;Masculino;"26-35";1;2;2;140.31;2.00;15.00;9.5;42;2023-02-04;2023-02-06;"281"
"1019673879";ES;Femenino;"26-35";1;1;1;268.26;2.00;70.00;7.0;43;2026-04-02;2026-04-04;"281"
"1015950321";PT;Femenino;"19-25";1;1;1;165.91;1.00;81.00;6.0;44;2025-02-14;2025-02-15;"315"
"1017500387";ES;Masculino;"36-45";1;1;1;265.86;3.00;6.00;8.0;45;2025-08-04;2025-08-07;"315"
"1006174937";ES;Masculino;"36-45";1;2;2;135.75;3.50;8.00;9.0;46;2024-09-01;2024-09-06;"026"
"1019094169";PT;Masculino;"46-65";1;1;1;110.09;3.00;47.00;10.0;47;2026-01-24;2026-01-27;"026"
"1014768582";ES;Femenino;"46-65";1;1;1;166.33;3.00;3.00;7.0;48;2024-09-09;2024-09-12;"208"
"1013471617";PT;Masculino;"26-35";1;1;1;207.00;2.00;20.00;8.0;49;2024-08-22;2024-08-24;"011"
"1007899011";ES;Masculino;"26-35";1;2;2;198.62;1.00;9.00;8.0;50;2022-02-27;2022-02-28;"243"
"1007899014";ES;Femenino;"26-35";1;2;2;198.62;1.00;9.00;8.0;51;2022-02-27;2022-02-28;"243"
"1014974075";IT;Femenino;"46-65";1;3;2;187.48;1.33;15.33;6.0;52;2024-12-17;2024-12-18;"041"
"1014618023";IT;Masculino;"19-25";1;1;1;255.19;2.00;56.00;3.0;53;2024-08-23;2024-08-25;"247"
"1018115558";IT;Femenino;"46-65";1;1;1;296.49;2.00;33.00;9.0;54;2025-10-02;2025-10-04;"315"
"1001025656";ES;Masculino;"46-65";1;2;2;203.26;3.00;18.50;7.0;55;2018-03-15;2018-03-18;"231"
"1016530069";PT;Femenino;"26-35";1;1;1;317.86;1.00;12.00;7.0;56;2025-04-25;2025-04-26;"208"
"1016530109";PT;Femenino;"26-35";1;1;1;317.86;1.00;12.00;7.0;57;2025-04-25;2025-04-26;"208"
"1019671446";PT;Femenino;"19-25";1;1;1;297.73;5.00;6.00;9.0;58;2026-04-02;2026-04-07;"041"
"1017215394";ES;Femenino;"19-25";1;1;1;266.49;2.00;59.00;7.0;59;2025-07-07;2025-07-09;"041"
"1007899011";ES;Masculino;"26-35";1;2;2;198.62;1.00;9.00;8.0;60;2025-12-19;2025-12-20;"231"
"1007899014";ES;Femenino;"26-35";1;2;2;198.62;1.00;9.00;8.0;61;2025-12-19;2025-12-20;"231"
"1018218156";ES;Masculino;>65;2;2;1;170.20;2.00;26.00;9.0;62;2025-11-06;2025-11-08;"208"
"1019370402";IT;Masculino;"46-65";1;1;1;195.65;2.00;55.00;8.0;63;2026-02-27;2026-03-01;"011"
"1003752586";PT;Femenino;"46-65";1;2;1;181.20;1.50;1.00;8.0;64;2019-04-20;2019-04-22;"208"
"1017838744";PT;Masculino;"46-65";1;1;1;231.06;5.00;42.00;8.0;65;2025-09-04;2025-09-09;"041"
"1012706996";PT;Femenino;"46-65";3;4;2;244.23;3.75;111.25;8.5;66;2024-12-29;2025-01-02;"247"
"1013545260";IT;Femenino;"26-35";1;1;1;194.97;3.00;2.00;8.0;67;2024-04-26;2024-04-29;"315"
"1013584674";ES;Femenino;"19-25";1;1;1;262.88;1.00;10.00;2.0;68;2024-05-01;2024-05-02;"243"
"1009884845";ES;Masculino;"26-35";1;2;2;143.23;2.50;38.50;9.0;69;2025-12-05;2025-12-08;"315"
"1014395679";ES;Femenino;"46-65";4;4;1;75.15;1.50;0.75;5.0;70;2024-08-02;2024-08-05;"255"
"1013530969";PT;Femenino;"36-45";1;1;1;247.75;3.00;1.00;10.0;71;2024-04-25;2024-04-28;"255"
"1002050340";ES;Femenino;"36-45";1;2;2;151.06;3.50;3.00;9.0;72;2018-08-09;2018-08-13;"041"
"1017402306";ES;Masculino;"19-25";1;1;1;91.35;2.00;1.00;7.0;73;2025-07-25;2025-07-27;"255"
"1017658486";PT;Masculino;"46-65";1;1;1;137.60;2.00;1.00;7.0;74;2025-08-19;2025-08-21;"243"
"1016094371";IT;Femenino;"36-45";1;1;1;163.25;4.00;41.00;6.0;75;2025-03-05;2025-03-09;"243"
"1008189175";ES;Femenino;"46-65";1;3;1;244.30;2.33;42.00;7.9;76;2022-04-22;2022-04-25;"208"
"1015721200";ES;Masculino;"36-45";1;1;1;194.80;1.00;26.00;8.0;77;2025-01-11;2025-01-12;"243"
"1015428618";ES;Femenino;"26-35";1;1;1;235.50;1.00;23.00;10.0;78;2024-11-30;2024-12-01;"243"
"1018885005";IT;Femenino;"46-65";2;2;2;300.59;2.50;11.00;7.0;79;2025-12-30;2026-01-02;"247"
"1013308570";ES;Masculino;"26-35";1;2;2;306.02;2.50;40.50;9.7;80;2024-11-30;2024-12-01;"011"
"1012907995";ES;Masculino;"46-65";1;2;2;192.53;1.00;124.00;8.2;81;2024-01-31;2024-02-01;"011"
"1016075127";PT;Femenino;>65;2;2;1;136.50;2.00;63.00;6.0;82;2025-03-05;2025-03-06;"041"
"1002066717";ES;Masculino;>65;1;5;1;260.95;1.00;6.80;7.0;83;2019-02-16;2019-02-17;"243"
"1019301218";IT;Femenino;>65;2;2;1;157.99;1.50;19.00;8.708333333333332;84;2026-02-19;2026-02-21;"026"
"1016773489";IT;Masculino;"36-45";1;1;1;252.99;2.00;8.00;8.0;85;2025-05-21;2025-05-23;"281"
"1015245921";IT;Masculino;"26-35";1;1;1;243.99;2.00;20.00;8.0;86;2024-11-04;2024-11-06;"281"
"1018808811";PT;Masculino;"36-45";1;1;1;198.99;2.00;111.00;10.0;87;2025-12-20;2025-12-22;"247"
"1014687307";IT;Femenino;>65;1;1;1;357.14;7.00;38.00;10.0;88;2024-08-31;2024-09-07;"231"
"1014514961";ES;Masculino;"19-25";1;1;1;243.25;4.00;82.00;10.0;89;2024-08-13;2024-08-17;"315"
"1016064888";ES;Femenino;"36-45";1;1;1;121.04;2.00;39.00;9.0;90;2025-03-01;2025-03-03;"243"
"1016064891";ES;Masculino;"36-45";1;1;1;121.04;2.00;39.00;9.0;91;2025-03-01;2025-03-03;"243"
"1017274997";PT;Femenino;"36-45";1;1;1;89.09;2.00;33.00;9.5;92;2025-07-13;2025-07-15;"231"
"1017274998";PT;Masculino;"26-35";1;1;1;89.09;2.00;33.00;9.5;93;2025-07-13;2025-07-15;"231"
"1013847409";PT;Masculino;"26-35";1;1;1;286.50;2.00;71.00;7.0;94;2024-05-31;2024-06-02;"243"
"1010221099";ES;Masculino;"26-35";1;2;2;140.31;2.00;15.00;9.5;95;2024-08-16;2024-08-18;"243"
"1007371220";ES;Masculino;"46-65";1;2;2;148.37;3.00;73.50;10.0;96;2025-01-12;2025-01-16;"231"
"1004674619";ES;Femenino;"19-25";3;5;2;273.37;1.00;7.20;7.0;97;2022-12-06;2022-12-07;"281"
"1014566918";IT;Femenino;"19-25";1;1;1;330.53;2.00;49.00;9.0;98;2024-08-18;2024-08-20;"315"
"1013890717";PT;Masculino;"46-65";1;1;1;138.87;3.00;2.00;9.0;99;2024-06-08;2024-06-11;"208"
"1017893618";ES;Femenino;"46-65";1;1;1;381.59;3.00;97.00;8.0;100;2025-09-10;2025-09-13;"041"
"1014279270";ES;Femenino;"26-35";2;2;1;107.76;2.00;109.00;8.0;101;2024-07-23;2024-07-24;"255"
"1019042328";IT;Masculino;"26-35";1;1;1;117.33;3.00;204.00;8.0;102;2026-01-17;2026-01-20;"011"
"1017409116";IT;Femenino;"36-45";1;1;1;242.24;1.00;3.00;8.0;103;2025-07-26;2025-07-27;"315"
"1012706996";PT;Femenino;"46-65";3;4;2;244.23;3.75;111.25;8.5;104;2026-01-11;2026-01-14;"247"
"1019630853";ES;Masculino;"19-25";1;1;1;212.80;1.00;3.00;9.0;105;2026-04-05;2026-04-06;"243"
"1014393564";ES;Masculino;>65;1;1;1;280.40;3.00;15.00;2.0;106;2024-08-01;2024-08-04;"208"
"1015755635";IT;Femenino;"46-65";1;1;1;206.48;3.00;13.00;8.5;107;2025-01-17;2025-01-20;"247"
"1013165610";ES;Masculino;"19-25";2;3;2;140.50;2.00;2.33;5.5;108;2024-03-09;2024-03-10;"255"
"1007250708";ES;Femenino;"46-65";2;3;2;299.64;2.33;79.33;9.0;109;2021-10-09;2021-10-10;"243"
"1016518794";IT;Masculino;"46-65";1;1;1;215.80;2.00;1.00;9.0;110;2025-04-24;2025-04-26;"281"
"1015632862";IT;Femenino;"26-35";1;1;1;276.73;5.00;53.00;9.0;111;2024-12-29;2025-01-03;"231"
"1018340111";PT;Femenino;"46-65";1;1;1;194.90;3.00;61.00;5.0;112;2025-10-25;2025-10-28;"026"
"1009955073";IT;Femenino;>65;1;3;1;117.26;3.33;20.00;9.8;113;2023-12-23;2023-12-26;"041"
"1014974075";IT;Femenino;"46-65";1;3;2;187.48;1.33;15.33;6.0;114;2025-11-25;2025-11-26;"041"
"1018325275";IT;Femenino;"19-25";1;1;1;195.99;1.00;8.00;9.0;115;2025-10-24;2025-10-25;"026"
"1019639162";ES;Femenino;"26-35";1;1;1;166.09;2.00;40.00;9.0;116;2026-03-30;2026-04-01;"281"
"1019477002";IT;Masculino;"26-35";1;1;1;235.87;3.00;112.00;9.0;117;2026-03-13;2026-03-16;"011"
"1019453177";IT;Femenino;>65;1;1;1;191.39;3.00;1.00;6.0;118;2026-03-10;2026-03-13;"041"
"1006569513";ES;Femenino;"36-45";1;2;2;242.74;2.00;19.50;7.0;119;2026-03-20;2026-03-22;"231"
"1013165610";ES;Masculino;"19-25";2;3;2;140.50;2.00;2.33;5.5;120;2025-06-11;2025-06-13;"231"
"1002066717";ES;Masculino;>65;1;5;1;260.95;1.00;6.80;7.0;121;2025-10-03;2025-10-04;"243"
"1018251040";PT;Masculino;"26-35";1;1;1;247.89;2.00;32.00;8.0;122;2025-10-16;2025-10-18;"315"
"1019131256";PT;Masculino;>65;1;1;1;176.50;4.00;4.00;7.5;123;2026-01-29;2026-02-02;"243"
"1018809217";IT;Femenino;"19-25";2;2;2;209.83;3.50;88.50;8.666666666666666;124;2025-12-24;2025-12-27;"315"
"1015033900";ES;Femenino;"46-65";1;1;1;242.05;3.00;29.00;7.0;125;2024-10-09;2024-10-12;"231"
"1004674619";ES;Femenino;"19-25";3;5;2;273.37;1.00;7.20;7.0;126;2019-08-18;2019-08-19;"243"
"1017481330";PT;Masculino;"46-65";1;1;1;159.50;1.00;5.00;10.0;127;2025-08-02;2025-08-03;"255"
"1016281139";PT;Masculino;"26-35";1;1;1;208.99;1.00;7.00;4.5;128;2025-03-29;2025-03-30;"315"
"1019682167";ES;Masculino;"26-35";1;1;1;169.50;2.00;5.00;10.0;129;2026-04-03;2026-04-05;"255"
"1018796015";PT;Masculino;"36-45";1;1;1;115.03;2.00;22.00;7.5;130;2025-12-19;2025-12-21;"315"
"1018795995";PT;Femenino;"46-65";1;1;1;115.03;2.00;22.00;7.5;131;2025-12-19;2025-12-21;"315"
"1019142516";PT;Femenino;"26-35";1;1;1;123.43;2.00;68.00;9.0;132;2026-01-30;2026-02-01;"315"
"1018854653";IT;Masculino;"36-45";1;1;1;351.86;10.00;70.00;6.0;133;2025-12-26;2025-12-31;"243"
"1016908207";ES;Femenino;"36-45";3;3;2;398.38;1.67;7.33;10.0;134;2025-10-10;2025-10-13;"281"
"1018654404";ES;Masculino;"26-35";1;1;1;80.25;2.00;102.00;9.0;135;2026-03-13;2026-03-15;"255"
"1015763805";ES;Masculino;"19-25";1;1;1;206.12;1.00;5.00;8.0;136;2025-01-18;2025-01-19;"243"
"1016721082";IT;Masculino;>65;1;1;1;289.92;1.00;44.00;7.0;137;2025-05-16;2025-05-17;"041"
"1018846248";IT;Masculino;"46-65";1;1;1;208.80;1.00;8.00;9.0;138;2025-12-25;2025-12-26;"041"
"1018435793";IT;Femenino;>65;1;1;1;136.80;3.00;65.00;8.0;139;2025-11-05;2025-11-08;"026"
"1013580011";PT;Femenino;"36-45";2;2;2;169.16;1.00;37.50;8.0;140;2024-06-07;2024-06-08;"315"
"1017472527";ES;Masculino;"26-35";1;1;1;134.00;6.00;51.00;4.0;141;2025-08-01;2025-08-07;"041"
"1012706996";PT;Femenino;"46-65";3;4;2;244.23;3.75;111.25;8.5;142;2023-12-29;2024-01-01;"247"
"1010619685";ES;Femenino;"46-65";1;2;2;406.46;3.00;59.00;4.0;143;2023-04-07;2023-04-08;"011"
"1014395679";ES;Femenino;"46-65";4;4;1;75.15;1.50;0.75;5.0;144;2024-08-13;2024-08-14;"255"
"1013400808";PT;Femenino;"19-25";1;1;1;217.25;2.00;44.00;8.0;145;2024-05-23;2024-05-25;"026"
"1018837704";IT;Masculino;"46-65";1;1;1;139.97;3.00;8.00;8.0;146;2025-12-24;2025-12-27;"041"
"1018975140";IT;Masculino;"46-65";1;1;1;143.54;1.00;36.00;9.0;147;2026-01-07;2026-01-08;"281"
"1016025280";IT;Masculino;"26-35";1;1;1;92.82;2.00;100.00;8.0;148;2025-02-24;2025-02-26;"011"
"1016025279";IT;Femenino;"26-35";1;1;1;92.82;2.00;100.00;8.0;149;2025-02-24;2025-02-26;"011"
"1013616405";ES;Femenino;"26-35";1;1;1;235.82;1.00;13.00;10.0;150;2024-05-04;2024-05-05;"243"
"1015214270";PT;Masculino;"46-65";1;1;1;297.17;3.00;42.00;9.0;151;2024-10-31;2024-11-03;"315"
"1018608505";IT;Femenino;"26-35";1;1;1;116.33;3.00;5.00;7.0;152;2025-11-25;2025-11-28;"315"
"1018562355";IT;Femenino;"46-65";1;1;1;116.33;3.00;5.00;7.0;153;2025-11-25;2025-11-28;"315"
"1013518998";IT;Masculino;"19-25";1;1;1;218.70;4.00;50.00;8.0;154;2024-04-23;2024-04-27;"011"
"1017276634";PT;Masculino;>65;1;1;1;299.92;4.00;36.00;10.0;155;2025-08-18;2025-08-22;"208"
"1017009766";PT;Femenino;>65;1;1;1;159.04;1.00;53.00;10.0;156;2025-06-15;2025-06-16;"231"
"1015827023";PT;Masculino;"26-35";1;1;1;142.50;2.00;15.00;8.0;157;2025-01-27;2025-01-29;"011"
"1015706998";IT;Masculino;>65;1;1;1;93.99;4.00;106.00;7.0;158;2025-01-09;2025-01-13;"041"
"1014395679";ES;Femenino;"46-65";4;4;1;75.15;1.50;0.75;5.0;159;2024-08-08;2024-08-09;"255"
"1014628774";PT;Masculino;"36-45";1;1;1;139.55;2.00;7.00;7.0;160;2024-08-24;2024-08-26;"255"
"1019055165";PT;Masculino;>65;1;1;1;188.15;2.00;31.00;8.0;161;2026-03-24;2026-03-26;"315"
"1018702070";ES;Femenino;"26-35";1;1;1;416.28;1.00;4.00;5.0;162;2025-12-06;2025-12-07;"243"
"1014637059";ES;Masculino;"19-25";2;2;2;188.00;1.00;7.50;8.5;163;2024-08-25;2024-08-26;"315"
"1008922782";ES;Masculino;"19-25";1;2;2;135.42;1.50;15.00;5.0;164;2022-08-05;2022-08-07;"243"
"1015567009";PT;Masculino;"26-35";1;1;1;185.80;2.00;5.00;8.0;165;2024-12-26;2024-12-28;"243"
"1018684959";ES;Femenino;"46-65";2;2;2;280.39;2.50;6.00;10.0;166;2026-02-14;2026-02-16;"247"
"1018597189";ES;Masculino;"46-65";2;2;2;280.39;2.50;6.00;10.0;167;2026-02-14;2026-02-16;"247"
"1014907189";PT;Femenino;"36-45";2;2;2;109.24;3.50;6.00;8.0;168;2025-03-27;2025-03-29;"315"
"1015908731";IT;Femenino;"26-35";1;1;1;158.99;1.00;9.00;5.0;169;2025-02-08;2025-02-09;"041"
"1007094314";PT;Femenino;"19-25";1;2;1;151.37;1.50;5.50;6.0;170;2021-09-09;2021-09-11;"243"
"1009955073";IT;Femenino;>65;1;3;1;117.26;3.33;20.00;9.8;171;2022-12-23;2022-12-26;"041"
"1013165610";ES;Masculino;"19-25";2;3;2;140.50;2.00;2.33;5.5;172;2025-06-18;2025-06-21;"231"
"1006569513";ES;Femenino;"36-45";1;2;2;242.74;2.00;19.50;7.0;173;2021-05-14;2021-05-16;"281"
"1014870045";ES;Masculino;"19-25";1;1;1;163.00;2.00;9.00;6.0;174;2024-09-20;2024-09-22;"255"
"1002066717";ES;Masculino;>65;1;5;1;260.95;1.00;6.80;7.0;175;2018-08-11;2018-08-12;"243"
"1014698209";ES;Masculino;>65;1;1;1;175.36;5.00;6.00;9.5;176;2024-09-01;2024-09-06;"281"
"1013308570";ES;Masculino;"26-35";1;2;2;306.02;2.50;40.50;9.7;177;2024-03-28;2024-04-01;"208"
"1011105329";ES;Masculino;"36-45";1;2;2;217.44;4.00;35.50;8.5;178;2024-12-13;2024-12-16;"231"
"1002066717";ES;Masculino;>65;1;5;1;260.95;1.00;6.80;7.0;179;2021-05-01;2021-05-02;"243"
"1015181886";PT;Masculino;"26-35";1;1;1;298.99;1.00;21.00;6.0;180;2024-10-26;2024-10-27;"243"
"1017790273";ES;Masculino;"26-35";1;1;1;183.99;1.00;2.00;9.5;181;2025-08-30;2025-08-31;"243"
"1018091353";PT;Masculino;"26-35";1;1;1;131.99;1.00;26.00;10.0;182;2025-09-30;2025-10-01;"243"
"1019146657";ES;Femenino;"19-25";1;1;1;229.99;1.00;12.00;10.0;183;2026-01-31;2026-02-01;"243"
"1019269143";PT;Femenino;"46-65";1;1;1;108.99;1.00;6.00;6.0;184;2026-02-15;2026-02-16;"315"
"1013643641";ES;Masculino;"36-45";1;1;1;386.36;5.00;68.00;7.0;185;2024-05-08;2024-05-13;"041"
"1019677924";PT;Masculino;>65;1;1;1;281.20;3.00;14.00;4.0;186;2026-04-03;2026-04-06;"243"
"1018604026";ES;Femenino;"19-25";1;1;1;186.25;1.00;18.00;9.0;187;2025-12-12;2025-12-13;"208"
"1010709238";ES;Masculino;"46-65";1;2;2;149.49;4.50;5.00;6.0;188;2024-11-27;2024-12-02;"041"
"1008189175";ES;Femenino;"46-65";1;3;1;244.30;2.33;42.00;7.9;189;2023-04-21;2023-04-23;"208"
"1007250708";ES;Femenino;"46-65";2;3;2;299.64;2.33;79.33;9.0;190;2025-08-19;2025-08-24;"247"
"1015637242";ES;Femenino;"26-35";1;1;1;298.99;5.00;106.00;10.0;191;2024-12-30;2025-01-04;"041"
"1002050340";ES;Femenino;"36-45";1;2;2;151.06;3.50;3.00;9.0;192;2025-08-11;2025-08-14;"315"
"1018639567";PT;Femenino;>65;1;1;1;277.31;3.00;54.00;6.0;193;2025-11-28;2025-12-01;"243"
"1014974075";IT;Femenino;"46-65";1;3;2;187.48;1.33;15.33;6.0;194;2024-10-02;2024-10-04;"026"
"1018323024";ES;Masculino;"26-35";1;1;1;482.48;1.00;15.00;10.0;195;2026-02-07;2026-02-08;"243"
"1018218156";ES;Masculino;>65;2;2;1;170.20;2.00;26.00;9.0;196;2025-11-08;2025-11-10;"208"
"1017904880";ES;Femenino;"46-65";2;2;2;162.68;2.50;28.00;8.0;197;2025-09-11;2025-09-13;"243"
"1015003269";ES;Femenino;"46-65";2;2;2;220.87;2.50;6.50;4.0;198;2024-10-05;2024-10-06;"255"
"1019229194";IT;Femenino;"36-45";1;1;1;262.65;3.00;123.00;7.0;199;2026-02-11;2026-02-14;"011"
"1018597189";ES;Masculino;"46-65";2;2;2;280.39;2.50;6.00;10.0;200;2025-12-05;2025-12-08;"041"
"1018684959";ES;Femenino;"46-65";2;2;2;280.39;2.50;6.00;10.0;201;2025-12-05;2025-12-08;"041"
"1014395679";ES;Femenino;"46-65";4;4;1;75.15;1.50;0.75;5.0;202;2024-08-12;2024-08-13;"255"
"1010709238";ES;Masculino;"46-65";1;2;2;149.49;4.50;5.00;6.0;203;2023-04-19;2023-04-23;"243"
"1015475708";ES;Femenino;"46-65";2;2;2;308.91;3.00;19.00;8.0;204;2026-02-25;2026-03-01;"247"
"1014279270";ES;Femenino;"26-35";2;2;1;107.76;2.00;109.00;8.0;205;2024-07-20;2024-07-23;"255"
"1018650666";PT;Femenino;"19-25";1;1;1;148.67;2.00;8.00;9.0;206;2025-11-29;2025-12-01;"208"
"1015748511";ES;Femenino;>65;1;1;1;162.00;2.00;49.00;10.0;207;2025-03-06;2025-03-08;"011"
"1018884990";IT;Masculino;"26-35";2;2;2;300.59;2.50;11.00;5.0;208;2025-12-28;2025-12-30;"315"
"1015320875";IT;Femenino;>65;1;1;1;274.99;2.00;17.00;9.0;209;2024-11-15;2024-11-17;"041"
"1016005813";PT;Masculino;"36-45";1;1;1;169.00;1.00;3.00;9.0;210;2025-02-21;2025-02-22;"315"
"1001074021";IT;Masculino;"46-65";1;2;2;161.66;2.50;19.50;8.0;211;2018-03-23;2018-03-25;"026"
"1015949976";ES;Masculino;"26-35";1;1;1;207.33;3.00;10.00;9.0;212;2025-02-14;2025-02-17;"315"
"1018692171";PT;Masculino;"36-45";1;1;1;154.66;3.00;62.00;4.0;213;2025-12-05;2025-12-08;"315"
"1018884990";IT;Masculino;"26-35";2;2;2;300.59;2.50;11.00;5.0;214;2025-12-30;2026-01-02;"247"
"1009884845";ES;Masculino;"26-35";1;2;2;143.23;2.50;38.50;9.0;215;2022-12-09;2022-12-11;"208"
"1017172546";PT;Masculino;"36-45";1;1;1;196.80;1.00;67.00;9.0;216;2025-09-08;2025-09-09;"011"
"1009955073";IT;Femenino;>65;1;3;1;117.26;3.33;20.00;9.8;217;2024-12-22;2024-12-26;"041"
"1016908207";ES;Femenino;"36-45";3;3;2;398.38;1.67;7.33;10.0;218;2025-06-20;2025-06-21;"208"
"1017308262";PT;Masculino;"46-65";1;1;1;182.32;2.00;82.00;9.0;219;2025-07-17;2025-07-19;"011"
"1008189175";ES;Femenino;"46-65";1;3;1;244.30;2.33;42.00;7.9;220;2025-04-21;2025-04-23;"208"
"1012706996";PT;Femenino;"46-65";3;4;2;244.23;3.75;111.25;8.5;221;2025-01-05;2025-01-10;"011"
"1001025656";ES;Masculino;"46-65";1;2;2;203.26;3.00;18.50;7.0;222;2025-02-27;2025-03-02;"315"
"1018695023";IT;Femenino;"19-25";1;1;1;291.10;3.00;35.00;9.0;223;2025-12-05;2025-12-08;"247"
"1018809217";IT;Femenino;"19-25";2;2;2;209.83;3.50;88.50;8.666666666666666;224;2025-12-20;2025-12-24;"247"
"1007250708";ES;Femenino;"46-65";2;3;2;299.64;2.33;79.33;9.0;225;2025-08-24;2025-08-25;"243"
"1017904880";ES;Femenino;"46-65";2;2;2;162.68;2.50;28.00;8.0;226;2025-10-10;2025-10-13;"255"
"1015105542";IT;Femenino;"46-65";1;1;1;195.90;3.00;31.00;5.0;227;2024-10-17;2024-10-20;"255"
"1018480671";PT;Femenino;"36-45";1;1;1;139.39;4.00;21.00;8.0;228;2025-11-30;2025-12-04;"315"
"1015475708";ES;Femenino;"46-65";2;2;2;308.91;3.00;19.00;8.0;229;2024-12-07;2024-12-09;"231"
"1003752586";PT;Femenino;"46-65";1;2;1;181.20;1.50;1.00;8.0;230;2024-06-09;2024-06-10;"208"
"1001074021";IT;Masculino;"46-65";1;2;2;161.66;2.50;19.50;8.0;231;2024-05-11;2024-05-14;"011"
"1018667145";ES;Femenino;"19-25";1;1;1;151.54;5.00;26.00;5.5;232;2025-12-02;2025-12-07;"041"
"1016992945";IT;Masculino;"46-65";1;1;1;184.50;1.00;1.00;7.0;233;2025-06-14;2025-06-15;"041"
"1017754446";PT;Femenino;>65;1;1;1;171.30;3.00;2.00;9.0;234;2025-08-26;2025-08-29;"208"
"1017578791";IT;Masculino;"19-25";1;1;1;118.09;1.00;32.00;8.0;235;2025-08-11;2025-08-12;"231"
"1018914183";IT;Femenino;"36-45";1;1;1;364.48;2.00;43.00;10.0;236;2025-12-31;2026-01-02;"315"
"1014309501";ES;Femenino;"19-25";1;1;1;126.00;1.00;66.00;10.0;237;2024-07-23;2024-07-24;"011"
"1019301218";IT;Femenino;>65;2;2;1;157.99;1.50;19.00;8.708333333333332;238;2026-02-21;2026-02-22;"026"
"1014637059";ES;Masculino;"19-25";2;2;2;188.00;1.00;7.50;8.5;239;2025-08-29;2025-08-30;"255"
"1015426341";PT;Masculino;"46-65";1;1;1;145.00;3.00;69.00;8.0;240;2024-11-30;2024-12-03;"041"
"1015224019";PT;Masculino;"46-65";1;1;1;289.72;2.00;37.00;9.0;241;2024-11-01;2024-11-03;"315"
"1015223976";PT;Femenino;"26-35";1;1;1;289.72;2.00;37.00;9.0;242;2024-11-01;2024-11-03;"315"
"1004674619";ES;Femenino;"19-25";3;5;2;273.37;1.00;7.20;7.0;243;2025-03-08;2025-03-09;"281"
"1014270020";IT;Masculino;>65;2;2;1;276.63;1.50;6.50;7.5;244;2024-07-19;2024-07-21;"041"
"1015947162";PT;Masculino;"19-25";1;1;1;148.99;2.00;23.00;9.0;245;2025-02-14;2025-02-16;"315"
"1018885005";IT;Femenino;"46-65";2;2;2;300.59;2.50;11.00;7.0;246;2025-12-28;2025-12-30;"315"
"1015618139";PT;Femenino;>65;1;1;1;359.73;4.00;66.00;9.0;247;2024-12-28;2025-01-01;"041"
"1014270020";IT;Masculino;>65;2;2;1;276.63;1.50;6.50;7.5;248;2024-07-21;2024-07-22;"041"
"1018816567";IT;Masculino;"36-45";1;1;1;160.14;3.00;20.00;9.0;249;2025-12-21;2025-12-24;"243"
"1015003269";ES;Femenino;"46-65";2;2;2;220.87;2.50;6.50;4.0;250;2025-07-10;2025-07-13;"315"
"1006174937";ES;Masculino;"36-45";1;2;2;135.75;3.50;8.00;9.0;251;2020-08-17;2020-08-19;"281"
"1018440736";PT;Femenino;>65;1;1;1;252.69;5.00;30.00;10.0;252;2025-11-05;2025-11-10;"011"
"1016721941";IT;Femenino;"36-45";1;1;1;327.78;2.00;38.00;8.0;253;2025-05-16;2025-05-18;"041"
"1019124975";IT;Masculino;"46-65";1;1;1;206.99;8.00;16.00;8.0;254;2026-01-28;2026-02-01;"011"
"1016515083";IT;Femenino;"46-65";1;1;1;225.53;2.00;35.00;8.5;255;2025-04-24;2025-04-26;"026"
"1015681908";ES;Femenino;"26-35";1;1;1;189.00;1.00;4.00;10.0;256;2025-01-04;2025-01-05;"011"
"1011105329";ES;Masculino;"36-45";1;2;2;217.44;4.00;35.50;8.5;257;2023-06-09;2023-06-14;"041"
"1012907995";ES;Masculino;"46-65";1;2;2;192.53;1.00;124.00;8.2;258;2025-09-29;2025-09-30;"255"
"1007371220";ES;Masculino;"46-65";1;2;2;148.37;3.00;73.50;10.0;259;2021-10-30;2021-11-01;"011"
"1016908207";ES;Femenino;"36-45";3;3;2;398.38;1.67;7.33;10.0;260;2025-06-21;2025-06-22;"208"
